{
    "normal": {
        "error": "<:cross:1220075609493868544>",
        "check": "<:validate:1220075607757688912>",
        "music": "<:notesdemusique:1220076382743167036>",
        "volume": "<:volume:1220076996537614480>",
        "ball": "🎱",
        "christmas": "🎄",
        "heart": "❤️",
        "paper": "<:Papier:1220421704485044356>",
        "scissors": "<:ciseau:1220080061089321071>",
        "stone": "<:Pierre:1220077723309969529>",
        "pong": "🏓",
        "birthday": "<:Aniversaire:1220423754648129648>",
        "clock": "<:Reveil:1220424466132369488>",
        "gift": "<:Cadeau:1220425026566881320>",
        "medal": "<:Medail:1220425584950382633>",
        "party": "<:confetie:1220425892405313586>",
        "info": "<:i_:1220426295117348966>",
        "arrowDown": "<:bas:1220427531690180649>",
        "arrowUp": "<:haut:1220427530134229132>",
        "dcredits": "<:carte:1220428023132717148>",
        "tv": "<:tv:1220428342855995472>",
        "slash": ":slash:1220428807534809210>"
    },

    "Bot": {
        "add": "📥",
        "info": "<:i_:1220426295117348966>",
        "min": "🔻"
    },

    "economy": {
        "pocket": "👛",
        "bank": "🏦",
        "coins": "💰"
    },

    "music": {
        "next": "<:suivant:1220430727783514122>",
        "pause": "<:pause:1220431041911586940>",
        "previous": "<:precedent:1220431374125629440>",
        "stop": "<:stop:1220431712941768746>",
        "play": "<:lire:1220431853723451462>"
    },

    "badges": {
        "bot": "🤖",
        "management": "👑",
        "bug": "🐛",
        "developer": "👨‍💻",	
        "supporter": "👨‍🔧",
        "team": "👨‍👩‍👧‍👦",
        "booster": "🚀",
        "partner": "🤝",
        "voter": "🗳️",
        "support": "🔧",
        "moderator": "👮",
        "designer": "🎨",
        "active": "🔥",
        "event": "🎉",
        "vip": "👑",
        "marketing": "📈"
    },

    "animated": {
        "loading": "<a:chargement:1220432998747471872>"
    }
}